model,Residual_mean,Residual_SD
FE+AR,-0.003305933488045253,2.3955659458101457
GP-CP,-0.0033059334880451924,2.408849431416524
GP-CP-Extended,-0.003305933488045293,0.2911971741722472
