category,model,tau_mae_avg_over_cohorts,tau_rmse_avg_over_cohorts,tau_coverage_avg_over_cohorts,tau_ci_width_avg_over_cohorts,tau_ci_width_std_over_cohorts,att_avg_over_t,att_mae_vs_zero,att_rmse_vs_zero,att_coverage_vs_zero,att_ci_width_avg_over_t
scenD_seed3,FE+AR,0.8985623141398587,1.041943709882315,0.8749999999999999,3.115135402706709,0.0825790707550425,0.08049017146471214,0.08049017146471214,0.08049017146471214,1.0,0.6676040598929804
scenD_seed3,GP-CP,0.871352762014207,1.0095222425210046,0.39166666666666666,1.380585731087953,0.1261897651277155,0.021084143858528536,0.021084143858528536,0.021084143858528536,1.0,0.35306054754901817
scenD_seed3,GP-CP-Extended,0.09224841207770147,0.10620895945266468,1.0,4.934963898646789,6.26789091148548,-0.007962496755038772,0.007962496755038772,0.007962496755038772,1.0,3.5260458121415246
