model,RMSE_y,MAE_y
FE+AR,0.2914955572709847,0.23288513166700814
GP-CP,0.2958893852693167,0.23697848464508345
GP-CP-Extended,0.27572782395698336,0.22076833793688655
