model,Residual_mean,Residual_SD
FE+AR,-0.0023478491745946065,0.291486101749252
GP-CP,-0.0023478491745945688,0.29588007016240125
GP-CP-Extended,-0.0023478491745946932,0.27571782769401504
