category,model,tau_mae_avg_over_cohorts,tau_rmse_avg_over_cohorts,tau_coverage_avg_over_cohorts,tau_ci_width_avg_over_cohorts,tau_ci_width_std_over_cohorts,att_avg_over_t,att_mae_vs_zero,att_rmse_vs_zero,att_coverage_vs_zero,att_ci_width_avg_over_t
scenA_seed3,FE+AR,0.27591635618604743,0.277740036797555,0.9674999999999999,1.172629286412983,1.2952800200810628,-0.11740632537700461,0.11740632537700461,0.11740632537700461,1.0,0.7436105127898579
scenA_seed3,GP-CP,0.18051167750312294,0.18354731550503475,0.9666666666666667,0.968199660356738,1.1138771639667149,-0.009487911040958556,0.009487911040958556,0.009487911040958556,1.0,0.6316086093724149
scenA_seed3,GP-CP-Extended,0.1799146649782107,0.1831252272391973,0.9666666666666667,1.1053073233178532,1.0413309283371244,-0.009381497429779362,0.009381497429779362,0.009381497429779362,1.0,0.6342131269527806
