model,RMSE_y,MAE_y
FE+AR,0.2871247797843199,0.2290593303375247
GP-CP,0.2938027998096632,0.23367127382411246
GP-CP-Extended,0.2672077188788271,0.2125055913480333
