model,Residual_mean,Residual_SD
FE+AR,-0.0033059334880451516,0.287105747016612
GP-CP,-0.003305933488045194,0.29378419967685404
GP-CP-Extended,-0.0033059334880452145,0.26718726734670367
