category,model,tau_mae_avg_over_cohorts,tau_rmse_avg_over_cohorts,tau_coverage_avg_over_cohorts,tau_ci_width_avg_over_cohorts,tau_ci_width_std_over_cohorts,att_avg_over_t,att_mae_vs_zero,att_rmse_vs_zero,att_coverage_vs_zero,att_ci_width_avg_over_t
scenC_seed3,FE+AR,0.10031891387811674,0.10281853787676135,1.0,0.6437644061812604,0.3968867562667009,0.0804901714647112,0.0804901714647112,0.0804901714647112,1.0,0.2928691404892584
scenC_seed3,GP-CP,0.08604784506012814,0.08822740263193199,0.9875,0.48564518202748924,0.40210241833334903,-0.00806678432014046,0.00806678432014046,0.00806678432014046,1.0,0.25561422734894246
scenC_seed3,GP-CP-Extended,0.08440312153662528,0.08766635283706617,0.995,0.7108133722365881,0.31521181877010856,-0.008014230786913911,0.008014230786913911,0.008014230786913911,1.0,0.27316422032373844
