model,RMSE_y,MAE_y
FE+AR,0.2973063117897788,0.2348223725268078
GP-CP,0.3001211285610102,0.23693918501842673
GP-CP-Extended,0.18611719709671948,0.1473444369797892
