model,Residual_mean,Residual_SD
FE+AR,-0.0027999009108609883,0.2972931273758789
GP-CP,-0.002799900910860934,0.30010806780828764
GP-CP-Extended,-0.0027999009108611844,0.18609613539788647
