category,model,tau_mae_avg_over_cohorts,tau_rmse_avg_over_cohorts,tau_coverage_avg_over_cohorts,tau_ci_width_avg_over_cohorts,tau_ci_width_std_over_cohorts,att_avg_over_t,att_mae_vs_zero,att_rmse_vs_zero,att_coverage_vs_zero,att_ci_width_avg_over_t
scenA_seed4,FE+AR,0.325537240341218,0.3288030550284271,0.9674999999999999,1.3376886006255768,1.6082360022372961,1.13248880623302,1.13248880623302,1.13248880623302,0.0,0.8957747066967493
scenA_seed4,GP-CP,0.14092531771086966,0.14395831030380146,1.0,1.0751902659273804,1.3238299143579195,-0.005794063223975524,0.005794063223975524,0.005794063223975524,1.0,0.7280917623679015
scenA_seed4,GP-CP-Extended,0.20192394149369602,0.22270216526376263,1.0,1.3425439668559267,1.187921926013509,-0.005733125566477485,0.005733125566477485,0.005733125566477485,1.0,0.7353417207959827
