model,RMSE_y,MAE_y
FE+AR,0.30319155247863655,0.2401700675619288
GP-CP,0.30716842751512036,0.2441970611198793
GP-CP-Extended,0.2963270036114542,0.23599455568058544
