model,Residual_mean,Residual_SD
FE+AR,-0.0013550523495108162,0.303188524399483
GP-CP,-0.0013550523495108142,0.30716543864055057
GP-CP-Extended,-0.001355052349510807,0.2963239053847544
