category,model,tau_mae_avg_over_cohorts,tau_rmse_avg_over_cohorts,tau_coverage_avg_over_cohorts,tau_ci_width_avg_over_cohorts,tau_ci_width_std_over_cohorts,att_avg_over_t,att_mae_vs_zero,att_rmse_vs_zero,att_coverage_vs_zero,att_ci_width_avg_over_t
scenC_seed4,FE+AR,0.12146695983709961,0.12467188361555816,0.9525000000000001,0.6865704924908076,0.4319402702155698,-0.22014122221205046,0.22014122221205046,0.22014122221205046,0.0,0.31314913670302674
scenC_seed4,GP-CP,0.08432738865745178,0.0857529856816642,1.0,0.49299978164561825,0.3880169942004297,-0.0004775601446111999,0.0004775601446111999,0.0004775601446111999,1.0,0.25173480909894186
scenC_seed4,GP-CP-Extended,0.13880135582554842,0.15294184311452183,1.0,0.8414226481883645,0.31044040120181193,-0.00057935522138803,0.00057935522138803,0.00057935522138803,1.0,0.3017597830352182
