model,Residual_mean,Residual_SD
FE+AR,-0.0007354818888938156,0.9157996383018484
GP-CP,-0.000735481888894296,0.9201171071898859
GP-CP-Extended,-0.000735481888893905,0.24869825557520564
