category,model,tau_mae_avg_over_cohorts,tau_rmse_avg_over_cohorts,tau_coverage_avg_over_cohorts,tau_ci_width_avg_over_cohorts,tau_ci_width_std_over_cohorts,att_avg_over_t,att_mae_vs_zero,att_rmse_vs_zero,att_coverage_vs_zero,att_ci_width_avg_over_t
scenB_seed0,FE+AR,0.29606823562338647,0.31613231412571874,0.9958333333333333,1.8301455167462117,0.8346126748683413,-0.8226991959998127,0.8226991959998127,0.8226991959998127,0.0,0.7189060337094203
scenB_seed0,GP-CP,0.17087600568974276,0.18732462055526206,1.0,1.3947768379270877,0.8858007074499598,-0.013622380568741632,0.013622380568741632,0.013622380568741632,1.0,0.6416565285990852
scenB_seed0,GP-CP-Extended,0.19780551353610024,0.23608360514201904,0.9991666666666668,1.9860929537108427,1.3957433432885147,-0.004789230978004492,0.004789230978004492,0.004789230978004492,1.0,0.965706185049946
