model,RMSE_y,MAE_y
FE+AR,0.2860913855011983,0.22480075754670206
GP-CP,0.2889041136426621,0.22717342234412352
GP-CP-Extended,0.19935918647496936,0.15660595024528265
