model,Residual_mean,Residual_SD
FE+AR,0.0012509455102398801,0.2860886505846145
GP-CP,0.0012509455102398103,0.28890140535307646
GP-CP-Extended,0.0012509455102398689,0.19935526169953982
