category,model,tau_mae_avg_over_cohorts,tau_rmse_avg_over_cohorts,tau_coverage_avg_over_cohorts,tau_ci_width_avg_over_cohorts,tau_ci_width_std_over_cohorts,att_avg_over_t,att_mae_vs_zero,att_rmse_vs_zero,att_coverage_vs_zero,att_ci_width_avg_over_t
scenA_seed2,FE+AR,0.284493370637003,0.28636531316050884,0.9475,1.0600478355704328,1.1175534095172877,0.8629902433426424,0.8629902433426424,0.8629902433426424,0.0,0.6564849153712874
scenA_seed2,GP-CP,0.11923709440478832,0.1214414171192901,1.0,0.8775155641970765,0.9525325003494318,0.00641120698832418,0.00641120698832418,0.00641120698832418,1.0,0.5525164326211269
scenA_seed2,GP-CP-Extended,0.13851709042062318,0.1501502455401137,1.0,1.2878690500135026,0.8007089389279051,0.005220377597362906,0.005220377597362906,0.005220377597362906,1.0,0.5870514497971999
