model,metric,value
FE+AR,MAE,0.915066592268107
FE+AR,MAPE,214.69298078144067
FE+AR,RMSE,1.0956676446491767
FE+AR,Coverage,0.8
FE+AR,CI_Width,2.9149528617558174
GP-CP,MAE,0.44110266022908695
GP-CP,MAPE,166.62231846940486
GP-CP,RMSE,0.48715507628836957
GP-CP,Coverage,1.0
GP-CP,CI_Width,2.45428549289384
GP-CP-Extended,MAE,0.4329518949458469
GP-CP-Extended,MAPE,167.74367369441075
GP-CP-Extended,RMSE,0.4809154543316074
GP-CP-Extended,Coverage,1.0
GP-CP-Extended,CI_Width,2.4017716961337277
