model,RMSE_y,MAE_y
FE+AR,0.29688571165036537,0.23587366333735788
GP-CP,0.30161387031337705,0.23989410211486414
GP-CP-Extended,0.19840494060930017,0.15741272420780508
