model,Residual_mean,Residual_SD
FE+AR,0.003267531499901598,0.29686772983947085
GP-CP,0.0032675314999015474,0.3015961704055802
GP-CP-Extended,0.0032675314999016064,0.19837803229207882
