category,model,tau_mae_avg_over_cohorts,tau_rmse_avg_over_cohorts,tau_coverage_avg_over_cohorts,tau_ci_width_avg_over_cohorts,tau_ci_width_std_over_cohorts,att_avg_over_t,att_mae_vs_zero,att_rmse_vs_zero,att_coverage_vs_zero,att_ci_width_avg_over_t
scenC_seed1,FE+AR,0.1100727565491973,0.11337748870256985,0.9966666666666667,0.6133482403390905,0.3096847948288115,-0.07071095651188108,0.07071095651188108,0.07071095651188108,1.0,0.25136240073564753
scenC_seed1,GP-CP,0.10022805336178253,0.10274147806534382,0.89,0.42180399626024007,0.33350397255065856,0.008673374737451053,0.008673374737451053,0.008673374737451053,1.0,0.21115845600222594
scenC_seed1,GP-CP-Extended,0.12767006725137972,0.1403589813421462,0.9966666666666666,0.974137341402681,0.2596048562290663,0.008276281261023154,0.008276281261023154,0.008276281261023154,1.0,0.31081285770857303
