model,Residual_mean,Residual_SD
FE+AR,-0.00915514204472872,0.9353093949234176
GP-CP,-0.009155142044728717,0.9405281596189081
GP-CP-Extended,-0.009155142044728564,0.232154866427458
