category,model,tau_mae_avg_over_cohorts,tau_rmse_avg_over_cohorts,tau_coverage_avg_over_cohorts,tau_ci_width_avg_over_cohorts,tau_ci_width_std_over_cohorts,att_avg_over_t,att_mae_vs_zero,att_rmse_vs_zero,att_coverage_vs_zero,att_ci_width_avg_over_t
scenB_seed4,FE+AR,0.3647290545200452,0.3824179429518116,0.9825,2.0859080759703374,1.2754709775551796,1.0783962601250652,1.0783962601250652,1.0783962601250652,0.0,0.932524276717812
scenB_seed4,GP-CP,0.22601346793548538,0.240972812376189,1.0,1.591025382164208,1.166903090302188,-0.019547312338187805,0.019547312338187805,0.019547312338187805,1.0,0.7869746363843223
scenB_seed4,GP-CP-Extended,0.23871581027964972,0.279599402157249,0.995,2.1095254908736174,1.6130583249105297,-0.02394245537259358,0.02394245537259358,0.02394245537259358,1.0,1.0736609825419414
