model,RMSE_y,MAE_y
FE+AR,0.2831971780483764,0.22380185866900973
GP-CP,0.29007768553104013,0.22863347112050547
GP-CP-Extended,0.26573592539221713,0.20941949679277944
