model,Residual_mean,Residual_SD
FE+AR,-0.0047553517210197765,0.28315725010066967
GP-CP,-0.004755351721019694,0.2900387047844726
GP-CP-Extended,-0.004755351721019727,0.26569337341015375
