category,model,tau_mae_avg_over_cohorts,tau_rmse_avg_over_cohorts,tau_coverage_avg_over_cohorts,tau_ci_width_avg_over_cohorts,tau_ci_width_std_over_cohorts,att_avg_over_t,att_mae_vs_zero,att_rmse_vs_zero,att_coverage_vs_zero,att_ci_width_avg_over_t
scenC_seed2,FE+AR,0.11141388341028052,0.11614648615547327,1.0,0.6484835401926237,0.4095749762135397,0.21585521659268872,0.21585521659268872,0.21585521659268872,0.0,0.29622988077662565
scenC_seed2,GP-CP,0.06633198926454038,0.06926984795654466,0.9991666666666668,0.4660584147417098,0.34773601079620375,-0.00995564344262888,0.00995564344262888,0.00995564344262888,1.0,0.23267406859262024
scenC_seed2,GP-CP-Extended,0.0903052394556559,0.09738457748338172,1.0,0.8512070202438619,0.26236583022996957,-0.010397348976539817,0.010397348976539817,0.010397348976539817,1.0,0.2881197168243399
