model,Residual_mean,Residual_SD
FE+AR,0.0032675314999016792,1.9050040818805645
GP-CP,0.003267531499901604,1.9114645094825466
GP-CP-Extended,0.0032675314999016,0.30075920310744
