category,model,tau_mae_avg_over_cohorts,tau_rmse_avg_over_cohorts,tau_coverage_avg_over_cohorts,tau_ci_width_avg_over_cohorts,tau_ci_width_std_over_cohorts,att_avg_over_t,att_mae_vs_zero,att_rmse_vs_zero,att_coverage_vs_zero,att_ci_width_avg_over_t
scenD_seed1,FE+AR,0.7259458872570591,0.8457203061614212,0.87,2.472884630515468,0.05708207346717328,-0.07071095651188122,0.07071095651188122,0.07071095651188122,1.0,0.5362722809595121
scenD_seed1,GP-CP,0.7050626848867747,0.8211139067083263,0.4208333333333334,1.1620513842841154,0.16602092003395078,0.002073509210584991,0.002073509210584991,0.002073509210584991,1.0,0.3163884051443309
scenD_seed1,GP-CP-Extended,0.10497268498746905,0.11930703512501924,0.9241666666666667,0.5699516942206163,0.37707909583100346,0.008721344453626292,0.008721344453626292,0.008721344453626292,1.0,0.25395866974438425
