Parameter,1) Type-II MAP + Laplace,2) NUTS Hyperparams,3) Full NUTS (Sample f + theta)
ℓ (lengthscale),1.7315655181253389,1.490653776831655,1.3454674242904439
σf (signal std),0.11610135161074608,0.06680681238044306,0.17575189197987917
σn (noise std),0.01757530923220535,0.01665225719467245,0.022736923829457634
