Scenario,N,Seed,Method,ell_mean,sf_mean,sn_mean,ell_sd,sf_sd,sn_sd,time_s
A,100,0,Ground Truth,2.5,1.0,0.3,,,,
A,100,0,1) Type-II MAP + Laplace,4.231565518125339,0.8838986483892539,0.28242469076779464,2.338370107074108,0.4536003512700028,0.022598069202592146,0.16999341698829085
A,100,0,2) NUTS Hyperparams,3.990653776831655,1.066806812380443,0.28334774280532754,3.2262441608749253,0.6978091533745693,0.023082548721503542,6.722372374963015
A,100,0,3) Full NUTS (Sample f + theta),1.1545325757095561,0.8242481080201208,0.27726307617054236,0.3164705214800918,0.4783378121631354,0.022638660698536008,177.72550245805178
