{
  "scenario": "A",
  "seed": 0,
  "n_total": 100,
  "n_cohorts": 10,
  "n_periods": 10,
  "n_reps": 1,
  "true_hparams": {
    "ell": 2.5,
    "sf": 1.0,
    "sn": 0.3,
    "ell_c": 2.0,
    "ell_t": 3.0,
    "sf_c": 1.0,
    "sf_t": 1.0
  },
  "methods": {
    "method1": {
      "method_label": "1) Type-II MAP + Laplace",
      "runtime_seconds": 0.16999341698829085,
      "hyperparams_map": {
        "ell_c": 1.9283849277150205,
        "sf_c": 1.1643554556869224,
        "ell_t": 4.864192179067615,
        "sf_t": 0.28884423459961356,
        "sn": 0.2821756084974834
      },
      "hyperparams_posterior": {
        "mean": {
          "ell": 4.231565518125339,
          "sf": 0.8838986483892539,
          "sn": 0.28242469076779464,
          "ell_c": 1.9283230276450245,
          "sf_c": 1.211861474229356,
          "ell_t": 6.534808008605653,
          "sf_t": 0.5559358225491516
        },
        "sd": {
          "ell": 2.338370107074108,
          "sf": 0.4536003512700028,
          "sn": 0.022598069202592146,
          "ell_c": 0.3246313519149547,
          "sf_c": 0.44066895263115297,
          "ell_t": 4.663282521758435,
          "sf_t": 0.8200612814816332
        }
      },
      "mcmc_config": {}
    },
    "method2": {
      "method_label": "2) NUTS Hyperparams",
      "runtime_seconds": 6.722372374963015,
      "hyperparams_map": {
        "ell_c": 2.018493915617608,
        "sf_c": 1.5102795296219846,
        "ell_t": 5.962813638045701,
        "sf_t": 0.6233340951389013,
        "sn": 0.28334774280532754
      },
      "hyperparams_posterior": {
        "mean": {
          "ell": 3.990653776831655,
          "sf": 1.066806812380443,
          "sn": 0.28334774280532754,
          "ell_c": 2.018493915617608,
          "sf_c": 1.5102795296219846,
          "ell_t": 5.962813638045701,
          "sf_t": 0.6233340951389013
        },
        "sd": {
          "ell": 3.2262441608749253,
          "sf": 0.6978091533745693,
          "sn": 0.023082548721503542,
          "ell_c": 0.7581629768190719,
          "sf_c": 0.8903424844722873,
          "ell_t": 6.353593198180041,
          "sf_t": 1.0909781567759027
        }
      },
      "mcmc_config": {
        "num_warmup": 500,
        "num_samples": 500,
        "num_chains": 1,
        "jitter": 1e-06,
        "prior_log_sd": 2.0,
        "prior_mu_sd": 5.0
      }
    },
    "method3": {
      "method_label": "3) Full NUTS (Sample f + theta)",
      "runtime_seconds": 177.72550245805178,
      "hyperparams_map": {
        "ell_c": 1.8645021125606225,
        "sf_c": 1.497915800164849,
        "ell_t": 0.44456303885848963,
        "sf_t": 0.1505804158753928,
        "sn": 0.27726307617054236
      },
      "hyperparams_posterior": {
        "mean": {
          "ell": 1.1545325757095561,
          "sf": 0.8242481080201208,
          "sn": 0.27726307617054236,
          "ell_c": 1.8645021125606225,
          "sf_c": 1.497915800164849,
          "ell_t": 0.44456303885848963,
          "sf_t": 0.1505804158753928
        },
        "sd": {
          "ell": 0.3164705214800918,
          "sf": 0.4783378121631354,
          "sn": 0.022638660698536008,
          "ell_c": 0.3997360009828745,
          "sf_c": 0.9586689450277655,
          "ell_t": 0.4442784599665345,
          "sf_t": 0.06587450299005963
        }
      },
      "mcmc_config": {
        "num_warmup": 500,
        "num_samples": 500,
        "num_chains": 1,
        "jitter": 1e-06,
        "prior_log_sd": 2.0,
        "prior_mu_sd": 5.0
      }
    }
  }
}
