model,Residual_mean,Residual_SD
FE+AR,0.009184892588566026,0.8752045484218376
GP-CP,0.009184892588566076,0.880852348950805
GP-CP-Extended,0.009184892588565991,0.24210653330779933
