category,model,tau_mae_avg_over_cohorts,tau_rmse_avg_over_cohorts,tau_coverage_avg_over_cohorts,tau_ci_width_avg_over_cohorts,tau_ci_width_std_over_cohorts,att_avg_over_t,att_mae_vs_zero,att_rmse_vs_zero,att_coverage_vs_zero,att_ci_width_avg_over_t
scenB_seed2,FE+AR,0.3042313591598756,0.3214978247215704,0.9400000000000001,1.7093039667975518,0.7268231549636297,0.8389352055913343,0.8389352055913343,0.8389352055913343,0.0,0.6498619602712461
scenB_seed2,GP-CP,0.16063963785214128,0.17394058051743153,1.0,1.2715440376607527,0.6713608588255414,0.04865554922309044,0.04865554922309044,0.04865554922309044,1.0,0.5358310851562351
scenB_seed2,GP-CP-Extended,0.19855907043200957,0.2421563700038611,0.9925000000000002,1.9097099893777416,1.2308127001106877,0.029751381827812073,0.029751381827812073,0.029751381827812073,1.0,0.8894817063147938
