model,RMSE_y,MAE_y
FE+AR,0.2877986284754136,0.22940856559262707
GP-CP,0.2943494082858113,0.23299965976413592
GP-CP-Extended,0.25062025330256216,0.1982728821665189
