model,Residual_mean,Residual_SD
FE+AR,0.0033036163348586236,0.2877796668832619
GP-CP,0.003303616334858601,0.2943308687129491
GP-CP-Extended,0.0033036163348586184,0.2505984786157978
