category,model,tau_mae_avg_over_cohorts,tau_rmse_avg_over_cohorts,tau_coverage_avg_over_cohorts,tau_ci_width_avg_over_cohorts,tau_ci_width_std_over_cohorts,att_avg_over_t,att_mae_vs_zero,att_rmse_vs_zero,att_coverage_vs_zero,att_ci_width_avg_over_t
scenC_seed0,FE+AR,0.13740969271391215,0.14217262288667512,0.9008333333333333,0.6502277920782104,0.4089655119867433,-0.4569920178849223,0.4569920178849223,0.4569920178849223,0.0,0.29651270581967404
scenC_seed0,GP-CP,0.07696042948705589,0.07929814490368664,1.0,0.4579119702095667,0.3704432193641096,0.0043635526715216566,0.0043635526715216566,0.0043635526715216566,1.0,0.2362201058953342
scenC_seed0,GP-CP-Extended,0.08986405141731314,0.09680658210924745,1.0,0.784520650227419,0.2880409159545867,0.0044872497098557675,0.0044872497098557675,0.0044872497098557675,1.0,0.27796679978332356
