model,Residual_mean,Residual_SD
FE+AR,0.012474623321582822,0.9674598453992181
GP-CP,0.012474623321582827,0.9724748206626003
GP-CP-Extended,0.012474623321582886,0.24346380027439216
