category,model,tau_mae_avg_over_cohorts,tau_rmse_avg_over_cohorts,tau_coverage_avg_over_cohorts,tau_ci_width_avg_over_cohorts,tau_ci_width_std_over_cohorts,att_avg_over_t,att_mae_vs_zero,att_rmse_vs_zero,att_coverage_vs_zero,att_ci_width_avg_over_t
scenB_seed3,FE+AR,0.32526919718627245,0.3462084633457369,0.9933333333333334,1.991948865204947,0.9648552516570529,-0.01154959149524973,0.01154959149524973,0.01154959149524973,1.0,0.7952945745958627
scenB_seed3,GP-CP,0.25216837259043445,0.28293678937567784,0.9783333333333334,1.4410907099051762,0.8976595786825147,0.021811855507788903,0.021811855507788903,0.021811855507788903,1.0,0.6534494741576351
scenB_seed3,GP-CP-Extended,0.2540159023337276,0.2976365123871645,0.9875,2.089580419979905,1.4894987870932317,0.03451723284939783,0.03451723284939783,0.03451723284939783,1.0,1.0232251816505855
