model,Residual_mean,Residual_SD
FE+AR,-0.0013550523495108517,1.9798389467827107
GP-CP,-0.0013550523495108057,1.988033881834167
GP-CP-Extended,-0.0013550523495108205,0.3049643097609791
