category,model,tau_mae_avg_over_cohorts,tau_rmse_avg_over_cohorts,tau_coverage_avg_over_cohorts,tau_ci_width_avg_over_cohorts,tau_ci_width_std_over_cohorts,att_avg_over_t,att_mae_vs_zero,att_rmse_vs_zero,att_coverage_vs_zero,att_ci_width_avg_over_t
scenD_seed4,FE+AR,0.7533803880301815,0.8756550600110982,0.8758333333333334,2.6095463275681667,0.057799610698827955,-0.22014122221204888,0.22014122221204888,0.22014122221204888,1.0,0.5851344217839936
scenD_seed4,GP-CP,0.744260592245471,0.8575698929981271,0.4125,1.2651332482068858,0.1740156086894732,-0.0019190611108044135,0.0019190611108044135,0.0019190611108044135,1.0,0.34365116520055683
scenD_seed4,GP-CP-Extended,0.0886572144521249,0.09592795226125324,0.9883333333333333,0.5621797774411644,0.3859070395386719,-0.00046642016423480793,0.00046642016423480793,0.00046642016423480793,1.0,0.26447680747486824
