model,RMSE_y,MAE_y
FE+AR,0.28469903039571565,0.22694885541472548
GP-CP,0.28901078579473616,0.2287795652731187
GP-CP-Extended,0.2786403805066006,0.22049801971052949
