model,Residual_mean,Residual_SD
FE+AR,0.0037823551292123477,0.2846739041393453
GP-CP,0.0037823551292123507,0.2889860344296371
GP-CP-Extended,0.0037823551292123906,0.2786147078647136
