category,model,tau_mae_avg_over_cohorts,tau_rmse_avg_over_cohorts,tau_coverage_avg_over_cohorts,tau_ci_width_avg_over_cohorts,tau_ci_width_std_over_cohorts,att_avg_over_t,att_mae_vs_zero,att_rmse_vs_zero,att_coverage_vs_zero,att_ci_width_avg_over_t
scenA_seed0,FE+AR,0.20990922781841076,0.2142502581309433,1.0,1.1186807604771916,1.230703503119893,-0.7584902649522223,0.7584902649522223,0.7584902649522223,0.0,0.7144158941735762
scenA_seed0,GP-CP,0.09952531122183195,0.10135081512989078,1.0,0.9603364125640902,1.1220991512375331,0.01034055807391292,0.01034055807391292,0.01034055807391292,1.0,0.6328666353348087
scenA_seed0,GP-CP-Extended,0.09797610199887126,0.10040894401410963,1.0,1.0287689125532178,1.0778043666912973,0.010426035890207675,0.010426035890207675,0.010426035890207675,1.0,0.6313124084026283
