model,metric,value
FE+AR,MAE,0.7770310284198741
FE+AR,MAPE,1726.2986794634128
FE+AR,RMSE,0.909558280811539
FE+AR,Coverage,1.0
FE+AR,CI_Width,3.176326199380968
GP-CP,MAE,0.3465194280913003
GP-CP,MAPE,423.76349394609446
GP-CP,RMSE,0.4129266919441905
GP-CP,Coverage,1.0
GP-CP,CI_Width,2.8167228618286595
GP-CP-Extended,MAE,0.34600062539473303
GP-CP-Extended,MAPE,410.83399268157734
GP-CP-Extended,RMSE,0.41304456256333627
GP-CP-Extended,Coverage,1.0
GP-CP-Extended,CI_Width,2.794163736623313
