model,Residual_mean,Residual_SD
FE+AR,-0.004755351721019716,2.0377281533351104
GP-CP,-0.004755351721019713,2.0457330391366284
GP-CP-Extended,-0.00475535172101966,0.2865368356582716
