category,model,tau_mae_avg_over_cohorts,tau_rmse_avg_over_cohorts,tau_coverage_avg_over_cohorts,tau_ci_width_avg_over_cohorts,tau_ci_width_std_over_cohorts,att_avg_over_t,att_mae_vs_zero,att_rmse_vs_zero,att_coverage_vs_zero,att_ci_width_avg_over_t
scenD_seed2,FE+AR,0.7685799539216834,0.8932220971294389,0.8749999999999999,2.6730699819527337,0.05586827725005137,0.21585521659268983,0.21585521659268983,0.21585521659268983,1.0,0.5896232912992271
scenD_seed2,GP-CP,0.7404513047991951,0.8594889900094803,0.42916666666666675,1.249122948329408,0.147315893407112,0.023492884127212222,0.023492884127212222,0.023492884127212222,1.0,0.3307690216342545
scenD_seed2,GP-CP-Extended,0.06838310687091434,0.07368839859247335,1.0,1.8866458921801954,1.6575075132066002,-0.009837112424751838,0.009837112424751838,0.009837112424751838,1.0,1.1158418948676925
