model,Residual_mean,Residual_SD
FE+AR,0.003303616334858613,2.2671698319934754
GP-CP,0.0033036163348585984,2.2770070026312657
GP-CP-Extended,0.0033036163348584635,0.28833402711632655
