category,model,tau_mae_avg_over_cohorts,tau_rmse_avg_over_cohorts,tau_coverage_avg_over_cohorts,tau_ci_width_avg_over_cohorts,tau_ci_width_std_over_cohorts,att_avg_over_t,att_mae_vs_zero,att_rmse_vs_zero,att_coverage_vs_zero,att_ci_width_avg_over_t
scenD_seed0,FE+AR,0.8708787460750741,1.0128395141632638,0.8675,2.948244735615647,0.06886518805932086,-0.4569920178849221,0.4569920178849221,0.4569920178849221,0.0,0.6399274308444145
scenD_seed0,GP-CP,0.828553246091904,0.9646362669261699,0.4091666666666667,1.3379764939902041,0.15216219490652433,-0.03186772320642192,0.03186772320642192,0.03186772320642192,1.0,0.35162089560834997
scenD_seed0,GP-CP-Extended,0.08357164266315988,0.0956089964541061,0.9958333333333333,0.6258654966745193,0.3938936052606352,0.004419401321449616,0.004419401321449616,0.004419401321449616,1.0,0.2770599186071888
