model,Residual_mean,Residual_SD
FE+AR,0.006557895949555945,0.8920070232840251
GP-CP,0.006557895949555918,0.8965244698493434
GP-CP-Extended,0.00655789594955591,0.2283962845609283
