category,model,tau_mae_avg_over_cohorts,tau_rmse_avg_over_cohorts,tau_coverage_avg_over_cohorts,tau_ci_width_avg_over_cohorts,tau_ci_width_std_over_cohorts,att_avg_over_t,att_mae_vs_zero,att_rmse_vs_zero,att_coverage_vs_zero,att_ci_width_avg_over_t
scenB_seed1,FE+AR,0.3278942543028325,0.35793241240568263,0.9525000000000001,1.8522052059608387,0.95151126577741,-0.5022267077949538,0.5022267077949538,0.5022267077949538,0.0,0.7717756923906518
scenB_seed1,GP-CP,0.2885993898565706,0.3026355007046737,0.9916666666666667,1.5187470249398145,1.133011233653011,0.01580170094354124,0.01580170094354124,0.01580170094354124,1.0,0.7574397494303058
scenB_seed1,GP-CP-Extended,0.27833969164361405,0.3213923473178896,0.985,2.0364698826453504,1.4878527535531785,0.02073834103477542,0.02073834103477542,0.02073834103477542,1.0,1.0114049893085426
