model,RMSE_y,MAE_y
FE+AR,0.2909730233570819,0.2324465112938493
GP-CP,0.2948446466672909,0.2359341613301729
GP-CP-Extended,0.2882089310962415,0.23049506285867294
