model,Residual_mean,Residual_SD
FE+AR,0.00490775687727152,0.29093163156314666
GP-CP,0.00490775687727164,0.2948037984673759
GP-CP-Extended,0.004907756877271539,0.2881671422734932
