category,model,tau_mae_avg_over_cohorts,tau_rmse_avg_over_cohorts,tau_coverage_avg_over_cohorts,tau_ci_width_avg_over_cohorts,tau_ci_width_std_over_cohorts,att_avg_over_t,att_mae_vs_zero,att_rmse_vs_zero,att_coverage_vs_zero,att_ci_width_avg_over_t
scenA_seed1,FE+AR,0.3065884336161042,0.3088932538515222,0.95,1.1677692250735996,1.2454044919603189,-0.460820392425343,0.460820392425343,0.460820392425343,0.0,0.7325564573342944
scenA_seed1,GP-CP,0.15343895516214054,0.15787984810453307,1.0,1.0548853901615038,1.325796500557651,0.014343795118331507,0.014343795118331507,0.014343795118331507,1.0,0.7225467454476395
scenA_seed1,GP-CP-Extended,0.19743684741304904,0.21300534452916392,1.0,1.3243392102411689,1.218901041707208,0.014549812782193076,0.014549812782193076,0.014549812782193076,1.0,0.7421064664441308
