model,metric,value
FE+AR,MAE,0.7543719537655516
FE+AR,MAPE,126.50853112062217
FE+AR,RMSE,1.0057218620373416
FE+AR,Coverage,0.8
FE+AR,CI_Width,3.255990338134079
GP-CP,MAE,0.5696108798876699
GP-CP,MAPE,136.26676801363163
GP-CP,RMSE,0.7373274480234119
GP-CP,Coverage,1.0
GP-CP,CI_Width,3.2183033053917067
GP-CP-Extended,MAE,0.5450707497380444
GP-CP-Extended,MAPE,126.04012299343952
GP-CP-Extended,RMSE,0.7176919886885543
GP-CP-Extended,Coverage,1.0
GP-CP-Extended,CI_Width,3.2096993829828944
